{
  "hash": "3abf4313",
  "configHash": "29310ae0",
  "lockfileHash": "a885cba2",
  "browserHash": "e0fb3229",
  "optimized": {
    "@angular/common": {
      "src": "../../../../../../node_modules/@angular/common/fesm2022/common.mjs",
      "file": "@angular_common.js",
      "fileHash": "17ff318d",
      "needsInterop": false
    },
    "@angular/common/http": {
      "src": "../../../../../../node_modules/@angular/common/fesm2022/http.mjs",
      "file": "@angular_common_http.js",
      "fileHash": "dfd538f5",
      "needsInterop": false
    },
    "@angular/core": {
      "src": "../../../../../../node_modules/@angular/core/fesm2022/core.mjs",
      "file": "@angular_core.js",
      "fileHash": "507ac35d",
      "needsInterop": false
    },
    "@angular/forms": {
      "src": "../../../../../../node_modules/@angular/forms/fesm2022/forms.mjs",
      "file": "@angular_forms.js",
      "fileHash": "775789bf",
      "needsInterop": false
    },
    "@angular/platform-browser": {
      "src": "../../../../../../node_modules/@angular/platform-browser/fesm2022/platform-browser.mjs",
      "file": "@angular_platform-browser.js",
      "fileHash": "7df353a1",
      "needsInterop": false
    },
    "@angular/platform-browser/animations": {
      "src": "../../../../../../node_modules/@angular/platform-browser/fesm2022/animations.mjs",
      "file": "@angular_platform-browser_animations.js",
      "fileHash": "0d5566b6",
      "needsInterop": false
    },
    "@angular/router": {
      "src": "../../../../../../node_modules/@angular/router/fesm2022/router.mjs",
      "file": "@angular_router.js",
      "fileHash": "356c7d8e",
      "needsInterop": false
    }
  },
  "chunks": {
    "chunk-AKU7XSLF": {
      "file": "chunk-AKU7XSLF.js"
    },
    "chunk-PC3O4WCS": {
      "file": "chunk-PC3O4WCS.js"
    },
    "chunk-SAXEIF7S": {
      "file": "chunk-SAXEIF7S.js"
    },
    "chunk-3SOMDF3R": {
      "file": "chunk-3SOMDF3R.js"
    },
    "chunk-OD6FT464": {
      "file": "chunk-OD6FT464.js"
    },
    "chunk-BMMIBYAN": {
      "file": "chunk-BMMIBYAN.js"
    }
  }
}